Credits
========

**RDMC** is developed at the `Green Research Group <https://greengroup.mit.edu>`_ at MIT.

The main contributors are:

- Xiaorui Dong (|github_xiaorui|_ \| |linkedin_xiaorui|_ \| |gs_xiaorui|_),
- Dr. Lagnajit Pattanaik (|github_lucky|_ \| |linkedin_lucky|_ \| |gs_lucky|_),
- Dr. Shih-Cheng Li (|github_shihcheng|_ \| |linkedin_shihcheng|_ \| |gs_shihcheng|_),
- Dr. Kevin Spiekermann (|github_kevin|_ \| |linkedin_kevin|_ \| |gs_kevin|_),
- Hao-Wei Pang (|github_haowei|_ \| |linkedin_haowei|_ \| |gs_haowei|_),
- Prof. William H. Green (|linkedin_bill|_ \| |gs_bill|_)


.. |github| image:: ../_static/GitHub_icon.svg
    :class: social-icon
.. |github_xiaorui| replace:: |github|
.. _github_xiaorui: https://github.com/xiaoruiDong
.. |github_lucky| replace:: |github|
.. _github_lucky: https://github.com/PattanaikL
.. |github_shihcheng| replace:: |github|
.. _github_shihcheng: https://github.com/shihchengli
.. |github_kevin| replace:: |github|
.. _github_kevin: https://github.com/kspieks
.. |github_haowei| replace:: |github|
.. _github_haowei: https://github.com/hwpang

.. |linkedin| image:: ../_static/LinkedIn_icon.svg
    :class: social-icon
.. |linkedin_xiaorui| replace:: |linkedin|
.. _linkedin_xiaorui: https://www.linkedin.com/in/xiaorui-dong/
.. |linkedin_lucky| replace:: |linkedin|
.. _linkedin_lucky: https://www.linkedin.com/in/lagnajit-pattanaik-94a564108/
.. |linkedin_shihcheng| replace:: |linkedin|
.. _linkedin_shihcheng: https://www.linkedin.com/in/shih-cheng-li-564006207/
.. |linkedin_kevin| replace:: |linkedin|
.. _linkedin_kevin: https://www.linkedin.com/in/kspiekermann/
.. |linkedin_haowei| replace:: |linkedin|
.. _linkedin_haowei: https://www.linkedin.com/in/hao-wei-pang/
.. |linkedin_bill| replace:: |linkedin|
.. _linkedin_bill: https://www.linkedin.com/in/william-green-63a9a218/

.. |google_scholar| image:: ../_static/Google_Scholar_icon.svg
    :class: social-icon
.. |gs_xiaorui| replace:: |google_scholar|
.. _gs_xiaorui: https://scholar.google.com/citations?hl=en&user=r5Wz41EAAAAJ
.. |gs_lucky| replace:: |google_scholar|
.. _gs_lucky: https://scholar.google.com/citations?hl=en&user=bVT6lpwAAAAJ
.. |gs_shihcheng| replace:: |google_scholar|
.. _gs_shihcheng: https://scholar.google.com/citations?hl=en&user=kc_rvjoAAAAJ
.. |gs_kevin| replace:: |google_scholar|
.. _gs_kevin: https://scholar.google.com/citations?hl=en&user=qg2LmbgAAAAJ
.. |gs_haowei| replace:: |google_scholar|
.. _gs_haowei: https://scholar.google.com/citations?hl=en&user=hmkEmtcAAAAJ
.. |gs_bill| replace:: |google_scholar|
.. _gs_bill: https://scholar.google.com/citations?hl=en&user=PGQTLWwAAAAJ
